{
  "sections": [
    {
      "type": "breadcrumbs",
      "enabled": true
    },
    {
      "type": "page-title"
    },
    {
      "type": "document-banner",
      "enabled": true
    },
    {
      "type": "category-retail",
      "enabled": true,
      "sort": "views"
    },
    {
      "type": "document-description",
      "enabled": false
    },
    {
      "type": "category-retail",
      "enabled": true,
      "sort": "news"
    },
    {
      "type": "document-banner",
      "enabled": true
    }
  ]
}