{
  "description": {
    "title": "Explore nossos Produtos",
    "text": "A Baby Gyn te ajuda a celebrar a chegada do seu bebê com o Kit de Bolsas e Saídas de Maternidade perfeito para você e seu pequeno! Escolha entre diversos modelos estilosos e práticos, que oferecem tudo o que você precisa para viver esse momento mágico com conforto e tranquilidade."
  },
  "links_1": {
    "list_pages": true,
    "title": "Páginas",
    "list": []
  },
  "links_2": {
    "list_categories": true,
    "title": "Categorias",
    "list": []
  },
  "contacts": {
    "title": "Contatos",
    "phone_wpp": true,
    "socials": true,
    "email": false,
    "address": true
  },
  "stamps": [
    {
      "src": "/img/uploads/ssl-safe.png",
      "alt": "Secure connection"
    }
  ],
  "payment_methods": {
    "bb": true,
    "visa": true,
    "boleto": true,
    "aura": false,
    "banrisul": false,
    "elo": true,
    "hipercard": true,
    "hsbc": false,
    "bradesco": true,
    "santander": false,
    "mastercard": true,
    "citibank": false,
    "hiper": true,
    "mais": false,
    "pix": true,
    "itau": true
  },
  "credits": ""
}