{
  "marketing_stripe": {
    "text": "Aproveite 3% de Desconto no PIX, Frete grátis (Verifique o CEP)",
    "link": "",
    "background": "#0d4c89",
    "color": "#f1d246"
  },
  "contacts_stripe": {
    "pages": [],
    "phone_wpp": true,
    "socials": true
  },
  "categories_list": {
    "featured": [],
    "random": 9,
    "full_width": false
  },
  "desktop_megamenu": false,
  "search_input": true,
  "alphabetical_order_submenu": false,
  "full_width_submenu": false,
  "centralized_logo": true
}