{
  "meta_title": "Kit Bolsas e Saídas de Maternidade Encantadoras para Meninos, Meninas e Unissex | BABY GYN",
  "meta_description": "Preparando-se para a chegada do seu bebê? Descubra a coleção encantadora de bolsas e saídas de maternidade no BABY GYN. Oferecemos conjuntos completos, desde kit bolsas com saída de maternidade até opções de bolsas e saídas individuais para meninos, meninas e estilos unissex. Organização, conforto e estilo se unem para tornar os primeiros momentos inesquecíveis. Explore agora!",
  "sections": [
    {
      "type": "banner-slider",
      "autoplay": 3000,
      "full_width": false,
      "slides": []
    },
    {
      "type": "info-bar",
      "enabled": true
    },
    {
      "type": "collection-shelf",
      "shuffle": true,
      "limit": 12,
      "page": 1,
      "title": "DESTAQUES",
      "headless": false,
      "sort": "news"
    },
    {
      "type": "dynamic-showcase",
      "load_more": true,
      "sort": "views"
    }
  ]
}